{
  "name": "Hamburg 21.02",
  "root": "https://toolpic.fridaysforfuture.de/sharepic/templates/profile/hamburg2020/template.json",
  "preview": "data/templates/profile/hamburg2020/preview.png",
  "documents": [
    {
      "width": 600,
      "height": 600,
      "src": "data/templates/profile/hamburg2020/document.svg",
      "alias": "1:1"
    }
  ],
  "fonts": [
    {
      "name": "Jost-600",
      "src": "fonts/Jost/Jost-600-Semi.ttf",
      "mime": "font/truetype"
    },
    {
      "name": "Jost-700",
      "src": "fonts/Jost/Jost-700-Bold.ttf",
      "mime": "font/truetype"
    },
    {
      "name": "Jost-400",
      "src": "fonts/Jost/Jost-400-Book.ttf",
      "mime": "font/truetype"
    }
  ],
  "fields": [
    {
      "type": "Selection",
      "description": "Background",
      "key": "pic",
      "default": {
        "data": "data/templates/profile/hamburg2020/bg.jpg"
      },
      "properties": {
        "items": [
          {
            "type": "file"
          }
        ]
      }
    }
  ]
}
