{
  "name": "Anreise Hamburg",
  "root": "https://toolpic.fridaysforfuture.de/sharepic/templates/map1701/template.json",
  "preview": "data/templates/map1701/preview.jpg",
  "type": "jpg",
  "documents": [
    {
      "width": 1200,
      "height": 1200,
      "src": "data/templates/map1701/1200x1200.svg",
      "alias": "Facebook, Instagram"
    },
    {
      "width": 1200,
      "height": 675,
      "src": "data/templates/map1701/1200x675.svg",
      "alias": "Twitter"
    }
  ],
  "fonts": [
    {
      "name": "Jost",
      "src": "fonts/Jost/Jost-600-Semi.ttf",
      "mime": "font/truetype"
    },
    {
      "name": "Jost-400",
      "src": "fonts/Jost/Jost-400-Book.ttf",
      "mime": "font/truetype"
    },
    {
      "name": "Jost-300",
      "src": "fonts/Jost/Jost-300-Light.ttf",
      "mime": "font/truetype"
    },
    {
      "name": "Jost-700",
      "src": "fonts/Jost/Jost-700-Bold.ttf",
      "mime": "font/truetype"
    },
    {
      "name": "Jost-500",
      "src": "fonts/Jost/Jost-500-Medium.ttf",
      "mime": "font/truetype"
    }
  ],
  "fields": [
    {
      "type": "FittingMap",
      "description": "Route",
      "key": "route",
      "default": {
        "meta": {
          "viewBox": {
            "lng": 7.476163636365953,
            "lat": 50.471356791452365,
            "diffLng": 0.9121227272693773,
            "diffLat": -0.5841018647024043
          }
        },
        "data": {
          "start": [8.664029, 50.107059],
          "target": [10.005177, 53.552982]
        },
        "center": {
          "lng": 9.339860000000044,
          "lat": 51.864605273131986
        },
        "zoom": 4.82943703029437,
        "width": 375,
        "height": 375,
        "accessToken": "pk.eyJ1IjoibWF1cmljZS1jb25yYWQiLCJhIjoiY2lpM25jbXVpMDExZXQ4bTBmYzd5cjBhbSJ9.zW17SmAFJRJPf8VjAxpang"
      },
      "properties": {
        "fieldsDefaults": ["Frankfurt", "Hamburg"]
      }
    },
    {
      "type": "Line",
      "description": "Location",
      "key": "location",
      "default": "Frankfurt Hbf",
      "properties": {}
    },
    {
      "type": "Line",
      "description": "Rail",
      "key": "rail",
      "default": "Gleis 4a",
      "properties": {}
    },
    {
      "type": "Line",
      "description": "Uhrzeit",
      "key": "time",
      "default": "10:30 Uhr",
      "properties": {}
    },
    {
      "type": "Selection",
      "description": "Logo",
      "key": "logo",
      "default": "data/templates/map1701/Hamburg.png",
      "properties": {
        "mime": "image/png",
        "width": 200,
        "height": 200,
        "items": [
          {
            "type": "value",
            "value": "data/templates/map1701/Hamburg.png"
          },
          {
            "type": "file"
          }
        ]
      }
    }
  ]
}
