{
  "name": "Pride",
  "root": "https://toolpic.fridaysforfuture.de/sharepic/templates/pride/template.json",
  "preview": "data/templates/pride/preview.jpg",
  "type": "jpg",
  "documents": [
    {
      "width": 1080,
      "height": 1080,
      "src": "data/templates/pride/1200x1200.svg",
      "alias": "Facebook, Instagram"
    },
    {
      "width": 1200,
      "height": 675,
      "src": "data/templates/pride/1200x675.svg",
      "alias": "Twitter"
    }
  ],
  "fonts": [
    {
      "name": "Jost-300",
      "src": "fonts/Jost/Jost-300-Light.ttf",
      "mime": "font/truetype"
    },
    {
      "name": "Jost-700",
      "src": "fonts/Jost/Jost-700-Bold.ttf",
      "mime": "font/truetype"
    }
  ],
  "fields": [
    {
      "type": "StockFootage",
      "description": "Background",
      "key": "image",
      "default": "data/templates/pride/bg.jpg",
      "properties": {
        "width": 1080,
        "height": 1080,
        "mime": "image/jepg",
        "databases": [
          {
            "type": "ResourceSpace",
            "label": "FFF Original",
            "host": "bilder.fffutu.re"
          },
          {
            "type": "Pexels",
            "label": "Pexels"
          },
          {
            "type": "Pixabay",
            "label": "Pixabay"
          }
        ]
      }
    },
    {
      "type": "Checklist",
      "description": "Effekte",
      "key": "effects",
      "default": [true],
      "properties": {
        "fields": [
          "Verdunkelt"
        ]
      }
    },
    {
      "type": "Number",
      "description": "Position",
      "key": "pos",
      "default": 0,
      "properties": {
        "value": 0,
        "max": 1,
        "min": -1,
        "step": 0.05,
        "kind": "slider"
      }
    },
    {
      "type": "Line",
      "description": "Subtitle",
      "key": "subtitle",
      "default": "Fridays For Future Germany",
      "properties": {

      }
    },
    {
      "type": "Text",
      "description": "Text",
      "key": "text",
      "default": ["CELEBRATES", "PRIDE MONTH"],
      "properties": {

      }
    },
    {
      "type": "Text",
      "description": "Links & Hashtags",
      "key": "links",
      "default": ["www.fridaysforfuture.de", "#fridaysforfuture"],
      "properties": {

      }
    },
    {
      "type": "Selection",
      "description": "Logo",
      "key": "logo",
      "default": "data/resources/logo.svg",
      "properties": {
        "mime": "image/png",
        "width": 200,
        "height": 200,
        "items": [
          {
            "type": "value",
            "value": "data/resources/logo-2.svg"
          },
          {
            "type": "value",
            "value": "data/resources/logo.svg"
          },
          {
            "type": "file"
          }
        ]
      }
    }
  ]
}
