{
  "name": "Sentence",
  "root": "https://toolpic.fridaysforfuture.de/sharepic/templates/sentence/template.json",
  "preview": "data/templates/sentence/preview.jpg",
  "type": "jpg",
  "documents": [
    {
      "width": 1080,
      "height": 1080,
      "src": "data/templates/sentence/1200x1200.svg",
      "alias": "Facebook, Instagram"
    },
    {
      "width": 1200,
      "height": 675,
      "src": "data/templates/sentence/1200x675.svg",
      "alias": "Twitter"
    }
  ],
  "fonts": [
    {
      "name": "Jost",
      "src": "fonts/jost.ttf",
      "mime": "font/truetype"
    },
    {
      "name": "Jost-900",
      "src": "fonts/Jost/Jost-900-Black.ttf",
      "mime": "font/truetype"
    },
    {
      "name": "Jost-300",
      "src": "fonts/Jost/Jost-300-Light.ttf",
      "mime": "font/truetype"
    },
    {
      "name": "Jost-200",
      "src": "fonts/Jost/Jost-200-Thin.ttf",
      "mime": "font/truetype"
    }
  ],
  "fields": [
    {
      "type": "StockFootage",
      "description": "Background",
      "key": "image",
      "default": "data/templates/sentence/default.jpg",
      "properties": {
        "width": 1080,
        "height": 1080,
        "mime": "image/jepg",
        "databases": [
          {
            "type": "ResourceSpace",
            "label": "FFF Original",
            "host": "bilder.fffutu.re"
          },
          {
            "type": "Pexels",
            "label": "Pexels"
          },
          {
            "type": "Pixabay",
            "label": "Pixabay"
          }
        ]
      }
    },
    {
      "type": "Number",
      "description": "Position",
      "key": "pos",
      "default": 0,
      "properties": {
        "value": 0,
        "max": 1,
        "min": -1,
        "step": 0.05,
        "kind": "slider"
      }
    },
    {
      "type": "Text",
      "description": "Title",
      "key": "title",
      "default": ["WORLD", "WHALE", "DAY"],
      "properties": {

      }
    },
    {
      "type": "Line",
      "description": "Subtitle",
      "key": "subtitle",
      "default": "TODAYS IS",
      "properties": {

      }
    },
    {
      "type": "Line",
      "description": "Info Text",
      "key": "info",
      "default": "www.fridaysforfuture.de   #fridaysforfuture",
      "properties": {

      }
    },
    {
      "type": "Selection",
      "description": "Logo",
      "key": "logo",
      "default": "data/resources/logo.svg",
      "properties": {
        "mime": "image/png",
        "width": 200,
        "height": 200,
        "items": [
          {
            "type": "value",
            "value": "data/resources/logo.svg"
          }
        ]
      }
    }
  ]
}
