{
  "name": "Long quote",
  "root": "https://toolpic.fridaysforfuture.de/sharepic/templates/quote/template.json",
  "preview": "data/templates/quote/preview.jpg",
  "type": "jpg",
  "documents": [
    {
      "width": 1080,
      "height": 1080,
      "src": "data/templates/quote/1200x1200.svg",
      "alias": "Facebook, Instagram"
    },
    {
      "width": 1200,
      "height": 675,
      "src": "data/templates/quote/1200x675.svg",
      "alias": "Twitter"
    }
  ],
  "fonts": [
    {
      "name": "Jost-600",
      "src": "fonts/Jost/Jost-600-Semi.ttf",
      "mime": "font/truetype"
    },
    {
      "name": "Jost-400",
      "src": "fonts/Jost/Jost-400-Book.ttf",
      "mime": "font/truetype"
    }
  ],
  "fields": [
    {
      "type": "StockFootage",
      "description": "Background",
      "key": "image",
      "default": "data/templates/quote/bg.jpg",
      "properties": {
        "width": 1080,
        "height": 1080,
        "mime": "image/jepg",
        "databases": [
          {
            "type": "ResourceSpace",
            "label": "FFF Original",
            "host": "bilder.fffutu.re"
          },
          {
            "type": "Pexels",
            "label": "Pexels"
          },
          {
            "type": "Pixabay",
            "label": "Pixabay"
          }
        ]
      }
    },
    {
      "type": "Checklist",
      "description": "Effekte",
      "key": "effects",
      "default": [true],
      "properties": {
        "fields": [
          "Schwarz/Weiß"
        ]
      }
    },
    {
      "type": "Number",
      "description": "Position",
      "key": "pos",
      "default": 0,
      "properties": {
        "value": 0,
        "max": 1,
        "min": -1,
        "step": 0.05,
        "kind": "slider"
      }
    },
    {
      "type": "Text",
      "description": "Text",
      "key": "text",
      "default": ["“Wir danken Frau Dreyer für die Iniative,",
                "mit uns in den Dialog zu treten, sind",
                "allerdings von den Ergebnissen enttäuscht.",
                "Wir hatten leider den Eindruck, dass sich",
                "das Interesse von Fraun Dreyer darauf",
                "beschränkte, ein paar nette Wort zu wechseln.",
                "Einen ernstgemeinten Versuch, unsere",
                "Forderungen aus den Wänden der Staatskanzlei",
                "hinaus in die Klimapolitik der Landesregierung",
                "fließen zu lassen oder sie dort auch nur zu",
                "diskutieren, haben wir schmerzlich vermisst.”"
              ],
      "properties": {
        "charWidth": 0.25,
        "formats": [1, 0.44]
      }
    },
    {
      "type": "Line",
      "description": "Author",
      "key": "author",
      "default": "FFF-Mitorganisator*innen",
      "properties": {

      }
    },
    {
      "type": "Text",
      "description": "Author detail",
      "key": "authordetail",
      "default": ["nach Gespräch mit Ministerpräsidentin", "Malu Dreyer"],
      "properties": {

      }
    },
    {
      "type": "Selection",
      "description": "Logo",
      "key": "logo",
      "default": "data/resources/logo-2.svg",
      "properties": {
        "mime": "image/png",
        "width": 200,
        "height": 200,
        "items": [
          {
            "type": "value",
            "value": "data/resources/logo-2.svg"
          },
          {
            "type": "file"
          }
        ]
      }
    }
  ]
}
