{
  "name": "Imperative",
  "root": "https://toolpic.fridaysforfuture.de/sharepic/templates/imperative/template.json",
  "preview": "data/templates/imperative/preview.jpg",
  "type": "jpg",
  "documents": [
    {
      "width": 1080,
      "height": 1080,
      "src": "data/templates/imperative/1200x1200.svg",
      "alias": "Facebook, Instagram"
    },
    {
      "width": 1200,
      "height": 675,
      "src": "data/templates/imperative/1200x675.svg",
      "alias": "Twitter"
    }
  ],
  "fonts": [
    {
      "name": "Jost-300",
      "src": "fonts/Jost/Jost-400-Book.ttf",
      "mime": "font/truetype"
    },
    {
      "name": "Jost-600",
      "src": "fonts/Jost/Jost-600-Semi.ttf",
      "mime": "font/truetype"
    }
  ],
  "fields": [
    {
      "type": "StockFootage",
      "description": "Background",
      "key": "image",
      "default": "data/templates/imperative/bg.jpg",
      "properties": {
        "width": 1080,
        "height": 1080,
        "mime": "image/jepg",
        "databases": [
          {
            "type": "ResourceSpace",
            "label": "FFF Original",
            "host": "bilder.fffutu.re"
          },
          {
            "type": "Pexels",
            "label": "Pexels"
          },
          {
            "type": "Pixabay",
            "label": "Pixabay"
          }
        ]
      }
    },
    {
      "type": "Number",
      "description": "Position",
      "key": "pos",
      "default": 0,
      "properties": {
        "value": 0,
        "max": 1,
        "min": -1,
        "step": 0.05,
        "kind": "slider"
      }
    },
    {
      "type": "Text",
      "description": "Text",
      "key": "text",
      "default": ["BUNDESTAG", "UMZINGELN!"],
      "properties": {

      }
    },
    {
      "type": "Text",
      "description": "Description",
      "key": "description",
      "default": ["28.06 12:00 Uhr", "INVALIDENPARK"],
      "properties": {

      }
    },
    {
      "type": "Selection",
      "description": "Logo",
      "key": "logo",
      "default": "data/resources/logo-2.svg",
      "properties": {
        "mime": "image/png",
        "width": 200,
        "height": 200,
        "items": [
          {
            "type": "value",
            "value": "data/resources/logo-2.svg"
          },
          {
            "type": "value",
            "value": "data/resources/logo.svg"
          }
        ]
      }
    }
  ]
}
